MAXIMODEFAULT;AXIOMADEFAULT;CUSTOM;
MAXAPPDATA;AXIAPPDATA;NORMAL;MAX
MAXAPPS;AXIAPPS;NORMAL;MAX
MAXASYNCJOB;AXIASYNCJOB;NORMAL;MAX
MAXASYNCJOBMSG;AXIASYNCJOBMSG;NORMAL;MAX
MAXASYNCJOBPARAM;AXIASYNCJOBPARAM;NORMAL;MAX
MAXATTRIBUTE;AXIATTRIBUTE;NORMAL;MAX
MAXATTRIBUTECFG;AXIATTRIBUTECFG;NORMAL;MAX
MAXATTRIBUTESKIPCOPY;AXIATTRIBUTESKIPCOPY;NORMAL;MAX
MAXCONDDETAIL;AXICONDDETAIL;NORMAL;MAX
MAXCONTROLVALUE;AXICONTROLVALUE;NORMAL;MAX
MAXDATAPREFIX;AXIDATAPREFIX;NORMAL;MAX
MAXDOMAIN;AXIDOMAIN;NORMAL;MAX
MAXDOMAINLINK;AXIDOMAINLINK;NORMAL;MAX
MAXDOMVALCOND;AXIDOMVALCOND;NORMAL;MAX
MAXDYNAMICDOMLINK;AXIDYNAMICDOMLINK;NORMAL;MAX
MAXENDPOINT;AXIENDPOINT;NORMAL;MAX
MAXENDPOINTDTL;AXIENDPOINTDTL;NORMAL;MAX
MAXENDPOINTTEST;AXIENDPOINTTEST;NORMAL;MAX
MAXEXTBOOLVAL;AXIEXTBOOLVAL;NORMAL;MAX
MAXEXTCTLVAL;AXIEXTCTLVAL;NORMAL;MAX
MAXEXTIFACEIN;AXIEXTIFACEIN;NORMAL;MAX
MAXEXTIFACELIST;AXIEXTIFACELIST;NORMAL;MAX
MAXEXTIFACEOUT;AXIEXTIFACEOUT;NORMAL;MAX
MAXEXTLISTVAL;AXIEXTLISTVAL;NORMAL;MAX
MAXEXTOVER;AXIEXTOVER;NORMAL;MAX
MAXEXTSYSCONTROL;AXIEXTSYSCONTROL;NORMAL;MAX
MAXEXTSYSTEM;AXIEXTSYSTEM;NORMAL;MAX
MAXEXTXREFVAL;AXIEXTXREFVAL;NORMAL;MAX
MAXGROUP;AXIGROUP;NORMAL;MAX
MAXHANDLER;AXIHANDLER;NORMAL;MAX
MAXIFACECOND;AXIIFACECOND;NORMAL;MAX
MAXIFACECONTROL;AXIIFACECONTROL;NORMAL;MAX
MAXIFACEIN;AXIIFACEIN;NORMAL;MAX
MAXIFACEINCNTL;AXIIFACEINCNTL;NORMAL;MAX
MAXIFACEINDETAIL;AXIIFACEINDETAIL;NORMAL;MAX
MAXIFACEINVOKE;AXIIFACEINVOKE;NORMAL;MAX
MAXIFACELOAD;AXIIFACELOAD;NORMAL;MAX
MAXIFACEOUT;AXIIFACEOUT;NORMAL;MAX
MAXIFACEOUTCNTL;AXIIFACEOUTCNTL;NORMAL;MAX
MAXIFACEPROC;AXIIFACEPROC;NORMAL;MAX
MAXIFACETBDATA;AXIIFACETBDATA;NORMAL;MAX
MAXIFACETYPEPROP;AXIIFACETYPEPROP;NORMAL;MAX
MAXIM;AXIOM;CUSTOM;
MAXIMPROP;AXIIMPROP;NORMAL;MAX
MAXINTERACTION;AXIINTERACTION;NORMAL;MAX
MAXINTERROR;AXIINTERROR;NORMAL;MAX
MAXINTERROREXTRACT;AXIINTERROREXTRACT;NORMAL;MAX
MAXINTERRORMSG;AXIINTERRORMSG;NORMAL;MAX
MAXINTEXTRACTFILE;AXIINTEXTRACTFILE;NORMAL;MAX
MAXINTFILELOOKUP;AXIINTFILELOOKUP;NORMAL;MAX
MAXINTLISTENER;AXIINTLISTENER;NORMAL;MAX
MAXINTMAPPING;AXIINTMAPPING;NORMAL;MAX
MAXINTMAPPINGDETAIL;AXIINTMAPPINGDETAIL;NORMAL;MAX
MAXINTMSGTRK;AXIINTMSGTRK;NORMAL;MAX
MAXINTMSGTRKDTL;AXIINTMSGTRKDTL;NORMAL;MAX
MAXINTOBJALIAS;AXIINTOBJALIAS;NORMAL;MAX
MAXINTOBJAPP;AXIINTOBJAPP;NORMAL;MAX
MAXINTOBJCOLS;AXIINTOBJCOLS;NORMAL;MAX
MAXINTOBJDETAIL;AXIINTOBJDETAIL;NORMAL;MAX
MAXINTOBJECT;AXIINTOBJECT;NORMAL;MAX
MAXINTPOLICY;AXIINTPOLICY;NORMAL;MAX
MAXINTPOLICYPARAM;AXIINTPOLICYPARAM;NORMAL;MAX
MAXINTVIEWQUEUE;AXIINTVIEWQUEUE;NORMAL;MAX
MAXLABELS;AXILABELS;NORMAL;MAX
MAXLAUNCHENTRY;AXILAUNCHENTRY;NORMAL;MAX
MAXLECONTEXT;AXILECONTEXT;NORMAL;MAX
MAXLICAPPACCESS;AXILICAPPACCESS;NORMAL;MAX
MAXLICAPPMODEXT;AXILICAPPMODEXT;NORMAL;MAX
MAXLICAPPS;AXILICAPPS;NORMAL;MAX
MAXLICCHGSTATUS;AXILICCHGSTATUS;NORMAL;MAX
MAXLICCRONTASK;AXILICCRONTASK;NORMAL;MAX
MAXLICENSE;AXILICENSE;NORMAL;MAX
MAXLICPRDKEYLIST;AXILICPRDKEYLIST;NORMAL;MAX
MAXLICPRODAPPS;AXILICPRODAPPS;NORMAL;MAX
MAXLICPRODLST;AXILICPRODLST;NORMAL;MAX
MAXLICPRODVUE;AXILICPRODVUE;NORMAL;MAX
MAXLICPURCHDET;AXILICPURCHDET;NORMAL;MAX
MAXLICRVU;AXILICRVU;NORMAL;MAX
MAXLICRVUUSAGE;AXILICRVUUSAGE;NORMAL;MAX
MAXLICSELFSRVAPPS;AXILICSELFSRVAPPS;NORMAL;MAX
MAXLICSTATUS;AXILICSTATUS;NORMAL;MAX
MAXLICTYPESTATUS;AXILICTYPESTATUS;NORMAL;MAX
MAXLICUSAGE;AXILICUSAGE;NORMAL;MAX
MAXLICUSERASC;AXILICUSERASC;NORMAL;MAX
MAXLICUSGCONCURT;AXILICUSGCONCURT;NORMAL;MAX
MAXLICUSGSMRY;AXILICUSGSMRY;NORMAL;MAX
MAXLICUSGVAR;AXILICUSGVAR;NORMAL;MAX
MAXLISTOVERVAL;AXILISTOVERVAL;NORMAL;MAX
MAXLOGAPPENDER;AXILOGAPPENDER;NORMAL;MAX
MAXLOGGER;AXILOGGER;NORMAL;MAX
MAXLOGMSGTOOLBAR;AXILOGMSGTOOLBAR;NORMAL;MAX
MAXLOGMSGTOOLDISP;AXILOGMSGTOOLDISP;NORMAL;MAX
MAXLOOKUPMAP;AXILOOKUPMAP;NORMAL;MAX
MAXMENU;AXIMENU;NORMAL;MAX
MAXMESSAGES;AXIMESSAGES;NORMAL;MAX
MAXMODULES;AXIMODULES;NORMAL;MAX
MAXOBJECT;AXIOBJECT;NORMAL;MAX
MAXOBJECTCFG;AXIOBJECTCFG;NORMAL;MAX
MAXPRESENTATION;AXIPRESENTATION;NORMAL;MAX
MAXPROCCOLS;AXIPROCCOLS;NORMAL;MAX
MAXPROP;AXIPROP;NORMAL;MAX
MAXPROPINSTANCE;AXIPROPINSTANCE;NORMAL;MAX
MAXPROPVALUE;AXIPROPVALUE;NORMAL;MAX
MAXQUEUE;AXIQUEUE;NORMAL;MAX
MAXRECORDLOCK;AXIRECORDLOCK;NORMAL;MAX
MAXRELATIONSHIP;AXIRELATIONSHIP;NORMAL;MAX
MAXREPLACEPROC;AXIREPLACEPROC;NORMAL;MAX
MAXROLE;AXIROLE;NORMAL;MAX
MAXROWSTAMP;AXIROWSTAMP;NORMAL;MAX
MAXSEQUENCE;AXISEQUENCE;NORMAL;MAX
MAXSERVICE;AXISERVICE;NORMAL;MAX
MAXSERVSECURITY;AXISERVSECURITY;NORMAL;MAX
MAXSESSION;AXISESSION;NORMAL;MAX
MAXSYSINDEXES;AXISYSINDEXES;NORMAL;MAX
MAXSYSKEYS;AXISYSKEYS;NORMAL;MAX
MAXTABLE;AXITABLE;NORMAL;MAX
MAXTABLECFG;AXITABLECFG;NORMAL;MAX
MAXTABLEDOMAIN;AXITABLEDOMAIN;NORMAL;MAX
MAXTESTFIX;AXITESTFIX;NORMAL;MAX
MAXTHREADLOGGER;AXITHREADLOGGER;NORMAL;MAX
MAXTHREADLOGGERDET;AXITHREADLOGGERDET;NORMAL;MAX
MAXTHREADLOGGERLIST;AXITHREADLOGGERLIST;NORMAL;MAX
MAXTOKEN;AXITOKEN;NORMAL;MAX
MAXTRANSFORMPROC;AXITRANSFORMPROC;NORMAL;MAX
MAXUSER;AXIUSER;NORMAL;MAX
MAXUSERAPPLOG;AXIUSERAPPLOG;NORMAL;MAX
MAXUSERSTATUS;AXIUSERSTATUS;NORMAL;MAX
MAXUSRDBAUTHINFO;AXIUSRDBAUTHINFO;NORMAL;MAX
MAXVARINPUT;AXIVARINPUT;NORMAL;MAX
MAXVARS;AXIVARS;NORMAL;MAX
MAXVARTYPE;AXIVARTYPE;NORMAL;MAX
MAXVIEW;AXIVIEW;NORMAL;MAX
MAXVIEWCFG;AXIVIEWCFG;NORMAL;MAX
MAXVIEWCOLUMN;AXIVIEWCOLUMN;NORMAL;MAX
MAXVIEWCOLUMNCFG;AXIVIEWCOLUMNCFG;NORMAL;MAX
MAXWSOPERATION;AXIWSOPERATION;NORMAL;MAX
MAXWSREGISTRY;AXIWSREGISTRY;NORMAL;MAX
MAXXREFOVERVAL;AXIXREFOVERVAL;NORMAL;MAX
MAXAPPDATAID;AXIAPPDATAID;NORMAL;MAX
MAXAPPSID;AXIAPPSID;NORMAL;MAX
MAXASYNCJOBID;AXIASYNCJOBID;NORMAL;MAX
MAXASYNCJOBMSGID;AXIASYNCJOBMSGID;NORMAL;MAX
MAXASYNCJOBPARAMID;AXIASYNCJOBPARAMID;NORMAL;MAX
MAXATTRIBUTEID;AXIATTRIBUTEID;NORMAL;MAX
MAXATTRIBUTESKIPCOPYID;AXIATTRIBUTESKIPCOPYID;NORMAL;MAX
MAXCHANNELNAME;AXICHANNELNAME;NORMAL;MAX
MAXCONDDETAILID;AXICONDDETAILID;NORMAL;MAX
MAXCONTRACTTYPE;AXICONTRACTTYPE;NORMAL;MAX
MAXCONTROLVALUEID;AXICONTROLVALUEID;NORMAL;MAX
MAXDATAPREFIXID;AXIDATAPREFIXID;NORMAL;MAX
MAXDOMAINID;AXIDOMAINID;NORMAL;MAX
MAXDOMAINLINKID;AXIDOMAINLINKID;NORMAL;MAX
MAXDOMVALCONDID;AXIDOMVALCONDID;NORMAL;MAX
MAXDYNAMICDOMLINKID;AXIDYNAMICDOMLINKID;NORMAL;MAX
MAXENDPOINTDTLID;AXIENDPOINTDTLID;NORMAL;MAX
MAXENDPOINTID;AXIENDPOINTID;NORMAL;MAX
MAXEXTBOOLVALID;AXIEXTBOOLVALID;NORMAL;MAX
MAXEXTCTLVALID;AXIEXTCTLVALID;NORMAL;MAX
MAXEXTIFACEINID;AXIEXTIFACEINID;NORMAL;MAX
MAXEXTIFACEOUTID;AXIEXTIFACEOUTID;NORMAL;MAX
MAXEXTLISTVALID;AXIEXTLISTVALID;NORMAL;MAX
MAXEXTOVERID;AXIEXTOVERID;NORMAL;MAX
MAXEXTSYSCONTROLID;AXIEXTSYSCONTROLID;NORMAL;MAX
MAXEXTSYSTEMID;AXIEXTSYSTEMID;NORMAL;MAX
MAXEXTXREFVALID;AXIEXTXREFVALID;NORMAL;MAX
MAXGROUPID;AXIGROUPID;NORMAL;MAX
MAXHANDLERID;AXIHANDLERID;NORMAL;MAX
MAXHLPARAM;AXIHLPARAM;NORMAL;MAX
MAXIFACECONDID;AXIIFACECONDID;NORMAL;MAX
MAXIFACECONTROLID;AXIIFACECONTROLID;NORMAL;MAX
MAXIFACEINCNTLID;AXIIFACEINCNTLID;NORMAL;MAX
MAXIFACEINDETAILID;AXIIFACEINDETAILID;NORMAL;MAX
MAXIFACEINID;AXIIFACEINID;NORMAL;MAX
MAXIFACEINVOKEID;AXIIFACEINVOKEID;NORMAL;MAX
MAXIFACEOUTCNTLID;AXIIFACEOUTCNTLID;NORMAL;MAX
MAXIFACEOUTID;AXIIFACEOUTID;NORMAL;MAX
MAXIFACEPROCID;AXIIFACEPROCID;NORMAL;MAX
MAXIFACETYPEPROPID;AXIIFACETYPEPROPID;NORMAL;MAX
MAXIMID;AXIOMID;CUSTOM;
MAXIMODEFAULT;AXIIMODEFAULT;NORMAL;MAX
MAXIMOURL;AXIIMOURL;NORMAL;MAX
MAXIMPROPID;AXIIMPROPID;NORMAL;MAX
MAXINTERACTIONID;AXIINTERACTIONID;NORMAL;MAX
MAXINTERROREXTRACTID;AXIINTERROREXTRACTID;NORMAL;MAX
MAXINTERRORID;AXIINTERRORID;NORMAL;MAX
MAXINTERRORMSGID;AXIINTERRORMSGID;NORMAL;MAX
MAXINTLISTENERID;AXIINTLISTENERID;NORMAL;MAX
MAXINTMAPPINGDETAILID;AXIINTMAPPINGDETAILID;NORMAL;MAX
MAXINTMAPPINGID;AXIINTMAPPINGID;NORMAL;MAX
MAXINTMSGTRKDTLID;AXIINTMSGTRKDTLID;NORMAL;MAX
MAXINTMSGTRKID;AXIINTMSGTRKID;NORMAL;MAX
MAXINTOBJALIASID;AXIINTOBJALIASID;NORMAL;MAX
MAXINTOBJAPPID;AXIINTOBJAPPID;NORMAL;MAX
MAXINTOBJCOLSID;AXIINTOBJCOLSID;NORMAL;MAX
MAXINTOBJDETAILID;AXIINTOBJDETAILID;NORMAL;MAX
MAXINTOBJECTID;AXIINTOBJECTID;NORMAL;MAX
MAXINTPOLICYID;AXIINTPOLICYID;NORMAL;MAX
MAXINTPOLICYPARAMID;AXIINTPOLICYPARAMID;NORMAL;MAX
MAXLABELSID;AXILABELSID;NORMAL;MAX
MAXLANGCODE;AXILANGCODE;NORMAL;MAX
MAXLAUNCHENTRYID;AXILAUNCHENTRYID;NORMAL;MAX
MAXLECONTEXTID;AXILECONTEXTID;NORMAL;MAX
MAXLICAPPACCESSID;AXILICAPPACCESSID;NORMAL;MAX
MAXLICAPPMODEXTID;AXILICAPPMODEXTID;NORMAL;MAX
MAXLICAPPSID;AXILICAPPSID;NORMAL;MAX
MAXLICENSEID;AXILICENSEID;NORMAL;MAX
MAXLICPRDKEYLISTID;AXILICPRDKEYLISTID;NORMAL;MAX
MAXLICPRODAPPSID;AXILICPRODAPPSID;NORMAL;MAX
MAXLICPRODLSTID;AXILICPRODLSTID;NORMAL;MAX
MAXLICPRODVUEID;AXILICPRODVUEID;NORMAL;MAX
MAXLICPURCHDETID;AXILICPURCHDETID;NORMAL;MAX
MAXLICRVUID;AXILICRVUID;NORMAL;MAX
MAXLICRVUUSAGEID;AXILICRVUUSAGEID;NORMAL;MAX
MAXLICSELFSRVAPPSID;AXILICSELFSRVAPPSID;NORMAL;MAX
MAXLICSTATUSID;AXILICSTATUSID;NORMAL;MAX
MAXLICTYPESTATUSID;AXILICTYPESTATUSID;NORMAL;MAX
MAXLICUSAGEID;AXILICUSAGEID;NORMAL;MAX
MAXLICUSERASCID;AXILICUSERASCID;NORMAL;MAX
MAXLICUSGCONCURTID;AXILICUSGCONCURTID;NORMAL;MAX
MAXLICUSGSMRYID;AXILICUSGSMRYID;NORMAL;MAX
MAXLICUSGVARID;AXILICUSGVARID;NORMAL;MAX
MAXLISTOVERVALID;AXILISTOVERVALID;NORMAL;MAX
MAXLOGAPPENDERID;AXILOGAPPENDERID;NORMAL;MAX
MAXLOGGERID;AXILOGGERID;NORMAL;MAX
MAXLOGMSGTOOLBARID;AXILOGMSGTOOLBARID;NORMAL;MAX
MAXLOOKUPMAPID;AXILOOKUPMAPID;NORMAL;MAX
MAXMENUID;AXIMENUID;NORMAL;MAX
MAXMESSAGESID;AXIMESSAGESID;NORMAL;MAX
MAXMODULESID;AXIMODULESID;NORMAL;MAX
MAXOBJECTID;AXIOBJECTID;NORMAL;MAX
MAXOBJECTNAME;AXIOBJECTNAME;NORMAL;MAX
MAXPRESENTATIONID;AXIPRESENTATIONID;NORMAL;MAX
MAXPROCCOLSID;AXIPROCCOLSID;NORMAL;MAX
MAXPRODID;AXIPRODID;NORMAL;MAX
MAXPROPID;AXIPROPID;NORMAL;MAX
MAXPROPVALUEID;AXIPROPVALUEID;NORMAL;MAX
MAXQUEUEID;AXIQUEUEID;NORMAL;MAX
MAXRECORDLOCKID;AXIRECORDLOCKID;NORMAL;MAX
MAXRELATIONSHIPID;AXIRELATIONSHIPID;NORMAL;MAX
MAXREPLACEPROCID;AXIREPLACEPROCID;NORMAL;MAX
MAXROLE;AXIROLE;NORMAL;MAX
MAXROLEID;AXIROLEID;NORMAL;MAX
MAXROLE_LONGDESCRIPTION;AXIROLE_LONGDESCRIPTION;NORMAL;MAX
MAXROWSTAMPID;AXIROWSTAMPID;NORMAL;MAX
MAXSEQUENCEID;AXISEQUENCEID;NORMAL;MAX
MAXSERVICEID;AXISERVICEID;NORMAL;MAX
MAXSERVSECURITYID;AXISERVSECURITYID;NORMAL;MAX
MAXSESSIONUID;AXISESSIONUID;NORMAL;MAX
MAXSHOWATTRIBUTES;AXISHOWATTRIBUTES;NORMAL;MAX
MAXSYSINDEXESID;AXISYSINDEXESID;NORMAL;MAX
MAXSYSKEYSID;AXISYSKEYSID;NORMAL;MAX
MAXTABLEDOMAINID;AXITABLEDOMAINID;NORMAL;MAX
MAXTABLEID;AXITABLEID;NORMAL;MAX
MAXTESTFIXID;AXITESTFIXID;NORMAL;MAX
MAXTHREADLOGGERDETID;AXITHREADLOGGERDETID;NORMAL;MAX
MAXTHREADLOGGERID;AXITHREADLOGGERID;NORMAL;MAX
MAXTOKENID;AXITOKENID;NORMAL;MAX
MAXTRANSFORMPROCID;AXITRANSFORMPROCID;NORMAL;MAX
MAXTYPE;AXITYPE;NORMAL;MAX
MAXUSERAPPLOGID;AXIUSERAPPLOGID;NORMAL;MAX
MAXUSERID;AXIUSERID;NORMAL;MAX
MAXUSERSTATUSID;AXIUSERSTATUSID;NORMAL;MAX
MAXUSRDBAUTHINFOID;AXIUSRDBAUTHINFOID;NORMAL;MAX
MAXVARNAME;AXIVARNAME;NORMAL;MAX
MAXVARSID;AXIVARSID;NORMAL;MAX
MAXVARTYPEID;AXIVARTYPEID;NORMAL;MAX
MAXVIEWCOLUMNID;AXIVIEWCOLUMNID;NORMAL;MAX
MAXVIEWID;AXIVIEWID;NORMAL;MAX
MAXWSREGISTRYID;AXIWSREGISTRYID;NORMAL;MAX
MAXXREFOVERVALID;AXIXREFOVERVALID;NORMAL;MAX
MAXATTRCFG;AXIATTRCFG;NORMAL;MAX
MAXATTRCFGID;AXIATTRCFGID;NORMAL;MAX
MXCOLLAB;AXCOLLAB;NORMAL;MX
